Experiment_ID,Choice_1,Choice_0,Feed_Date,Trial_Date,Food_Deprivation_Length,Animal,Arena_Position,Choice,Acclimation,area_chosen,area_other,berghia_length,track_intersection,path_sense_beh,radius_chosen,radius_other,rel_radius_chosen,rel_radius_other,rel_size_diff,size_diff,latency_2_choose
K8030321_intactvslime,Slime_Trail,Intact,2/24/2021,3/3/2021,7,1,A1,1,asw,0.101,0.108,0.268,0,0,0.179302255,0.185411617,0.669038263,0.691834392,-0.022796128,-0.006109362,168
K8030321_intactvslime,Slime_Trail,Intact,2/24/2021,3/3/2021,7,3,B1,1,asw,0.099,0.317,0.357,1,0,0.177518108,0.317654268,0.497249603,0.889787865,-0.392538263,-0.14013616,478
K8030321_intactvslime,Slime_Trail,Intact,2/24/2021,3/3/2021,7,5,C1,0,asw,0.085,0.083,0.238,0,0,0.164488116,0.162541443,0.691126538,0.682947238,0.0081793,0.001946673,379
K8030321_intactvslime,Slime_Trail,Intact,2/24/2021,3/3/2021,7,2,A2,0,asw,0.04,0.065,0.41,1,0,0.112837917,0.143840685,0.275214431,0.350830939,-0.075616508,-0.031002768,293
K8030321_intactvslime,Slime_Trail,Intact,2/24/2021,3/3/2021,7,4,B2,1,asw,0.187,0.098,0.459,0,0,0.243975303,0.176619277,0.531536609,0.384791452,0.146745157,0.067356027,641
K8030321_intactvslime,Slime_Trail,Intact,2/24/2021,3/3/2021,7,6,C2,1,asw,0.277,0.141,0.42,1,0,0.296937432,0.211853001,0.706993886,0.504411907,0.202581979,0.085084431,164
K8030321_intactvslime,Slime_Trail,Intact,2/24/2021,3/3/2021,7,9,B1,1,asw,0.094,0.088,0.33,0,0,0.172977251,0.167365677,0.524173487,0.50716872,0.017004768,0.005611573,124
K8030321_intactvslime,Slime_Trail,Intact,2/24/2021,3/3/2021,7,11,C1,1,asw,0.354,0.308,0.326,1,1,0.335680949,0.313112512,1.029696163,0.960467827,0.069228336,0.022568438,112
K8030321_intactvslime,Slime_Trail,Intact,2/24/2021,3/3/2021,7,8,A2,1,asw,0.122,0.122,0.477,0,0,0.19706295,0.19706295,0.413129873,0.413129873,0,0,153
K8030321_intactvslime,Slime_Trail,Intact,2/24/2021,3/3/2021,7,10,B2,0,asw,0.198,0.198,0.28,1,1,0.251048516,0.251048516,0.896601843,0.896601843,0,0,342
K8030321_intactvslime,Slime_Trail,Intact,2/24/2021,3/3/2021,7,12,C2,0,asw,0.396,0.391,0.343,0,0,0.355036216,0.352787706,1.03509101,1.028535586,0.006555424,0.00224851,340
SG031921Intact_vs_Slimetrails,Slime_Trail,Intact,3/12/2021,3/19/2021,7,1,A1,1,asw,0.179,0.15,0.763,0,0,0.238699538,0.218509686,0.312843432,0.286382288,0.026461143,0.020189852,120
SG031921Intact_vs_Slimetrails,Slime_Trail,Intact,3/12/2021,3/19/2021,7,2,B1,0,asw,0.144,0.186,0.621,0,0,0.214094894,0.243322089,0.344758283,0.391823009,-0.047064726,-0.029227195,240
SG031921Intact_vs_Slimetrails,Slime_Trail,Intact,3/12/2021,3/19/2021,7,3,C1,1,asw,0.036,0.073,0.527,1,0,0.107047447,0.152435631,0.203126085,0.289251672,-0.086125587,-0.045388184,180
SG031921Intact_vs_Slimetrails,Slime_Trail,Intact,3/12/2021,3/19/2021,7,4,A2,1,asw,0.178,0.223,0.511,0,0,0.238031846,0.266426546,0.465815746,0.521382674,-0.055566928,-0.0283947,240
SG031921Intact_vs_Slimetrails,Slime_Trail,Intact,3/12/2021,3/19/2021,7,5,B2,1,asw,0.167,0.131,0.778,0,0,0.230559647,0.204202339,0.296349161,0.262470872,0.033878289,0.026357309,120
SG031921Intact_vs_Slimetrails,Slime_Trail,Intact,3/12/2021,3/19/2021,7,6,C2,0,asw,0.062,0.074,0.438,1,0,0.140482073,0.15347616,0.320735327,0.350402191,-0.029666864,-0.012994086,240
SG031921Intact_vs_Slimetrails,Slime_Trail,Intact,3/12/2021,3/19/2021,7,7,A1,1,asw,0.279,0.061,0.576,0,0,0.29800748,0.139344548,0.517374098,0.241917618,0.275456479,0.158662932,840
SG031921Intact_vs_Slimetrails,Slime_Trail,Intact,3/12/2021,3/19/2021,7,9,C1,1,asw,0.162,0.173,0.438,1,1,0.227081927,0.234664889,0.518451888,0.535764588,-0.0173127,-0.007582962,120
SG031921Intact_vs_Slimetrails,Slime_Trail,Intact,3/12/2021,3/19/2021,7,10,A2,0,asw,0.104,0.186,0.598,0,0,0.181945674,0.243322089,0.304256979,0.406893125,-0.102636145,-0.061376415,960
SG031921Intact_vs_Slimetrails,Slime_Trail,Intact,3/12/2021,3/19/2021,7,11,B2,0,asw,0.142,0.117,0.575,0,0,0.212602925,0.192982529,0.369744218,0.33562179,0.034122427,0.019620396,2040
SG031921Intact_vs_Slimetrails,Slime_Trail,Intact,3/12/2021,3/19/2021,7,12,C2,0,asw,0.154,0.333,0.525,0,0,0.22140398,0.3255721,0.421721867,0.620137333,-0.198415466,-0.104168119,120
SG032621Intact_vs_slimetrail,Slime_Trail,Intact,3/19/2021,3/26/2021,7,13,A1,1,asw,0.053,0.013,0.49,1,0,0.129886196,0.06432751,0.26507387,0.131280632,0.133793238,0.065558686,43
SG032621Intact_vs_slimetrail,Slime_Trail,Intact,3/19/2021,3/26/2021,7,14,B1,0,asw,0.067,0.061,0.546,0,,0.146036853,0.139344548,0.267466763,0.255209795,0.012256968,0.006692305,89
SG032621Intact_vs_slimetrail,Slime_Trail,Intact,3/19/2021,3/26/2021,7,15,C1,1,asw,0.049,0.093,0.422,1,1,0.124888688,0.172054699,0.295944759,0.407712557,-0.111767798,-0.047166011,118
SG032621Intact_vs_slimetrail,Slime_Trail,Intact,3/19/2021,3/26/2021,7,16,A2,1,asw,0.139,0.164,0.562,0,,0.210345131,0.228479367,0.374279593,0.406546917,-0.032267324,-0.018134236,1387
SG032621Intact_vs_slimetrail,Slime_Trail,Intact,3/19/2021,3/26/2021,7,17,B2,1,asw,0.042,0.052,0.39,1,0,0.115624458,0.12865502,0.296472968,0.329884666,-0.033411697,-0.013030562,64
SG032621Intact_vs_slimetrail,Slime_Trail,Intact,3/19/2021,3/26/2021,7,18,C2,0,asw,0.051,0.021,0.469,1,0,0.127411947,0.081758838,0.271667264,0.174325881,0.097341383,0.045653109,121
SG040921Intact_vs_slimetrail,Slime_Trail,Intact,4/2/2021,4/9/2021,7,19,A1,1,asw,0.052,0.09,0.638,1,0,0.12865502,0.169256875,0.201653636,0.265292908,-0.063639272,-0.040601855,60
SG040921Intact_vs_slimetrail,Slime_Trail,Intact,4/2/2021,4/9/2021,7,20,B1,0,asw,0.048,0.129,0.666,1,0,0.123607745,0.202637547,0.185597214,0.304260581,-0.118663366,-0.079029802,493
SG040921Intact_vs_slimetrail,Slime_Trail,Intact,4/2/2021,4/9/2021,7,21,C1,1,asw,0.084,0.055,0.575,0,,0.163517676,0.132314186,0.284378567,0.230111627,0.05426694,0.031203491,67
SG040921Intact_vs_slimetrail,Slime_Trail,Intact,4/2/2021,4/9/2021,7,22,A2,0,asw,0.063,0.136,0.718,0,,0.141610462,0.208062838,0.197229055,0.289781111,-0.092552056,-0.066452376,228
SG040921Intact_vs_slimetrail,Slime_Trail,Intact,4/2/2021,4/9/2021,7,23,B2,1,asw,0.036,0.084,0.637,0,,0.107047447,0.163517676,0.168049367,0.256699649,-0.088650281,-0.056470229,65
SG040921Intact_vs_slimetrail,Slime_Trail,Intact,4/2/2021,4/9/2021,7,24,C2,1,asw,0.028,0.05,0.712,0,,0.094406974,0.126156626,0.132594065,0.177186273,-0.044592207,-0.031749652,274
SG040921Intact_vs_slimetrail,Slime_Trail,Intact,4/2/2021,4/9/2021,7,25,A1,0,asw,0.142,0.058,0.602,0,,0.212602925,0.135874845,0.353161005,0.225705722,0.127455284,0.076728081,71
SG040921Intact_vs_slimetrail,Slime_Trail,Intact,4/2/2021,4/9/2021,7,26,B1,0,asw,0.043,0.119,0.686,0,,0.116992842,0.194624964,0.170543502,0.283709859,-0.113166358,-0.077632121,104
SG040921Intact_vs_slimetrail,Slime_Trail,Intact,4/2/2021,4/9/2021,7,27,C1,1,asw,0.061,0.086,0.747,1,0,0.139344548,0.165452864,0.186538886,0.221489778,-0.034950892,-0.026108316,83
SG040921Intact_vs_slimetrail,Slime_Trail,Intact,4/2/2021,4/9/2021,7,28,A2,1,asw,0.113,0.071,0.654,1,0,0.189654995,0.15033297,0.289992347,0.229866927,0.06012542,0.039322025,112
SG040921Intact_vs_slimetrail,Slime_Trail,Intact,4/2/2021,4/9/2021,7,29,B2,0,asw,0.021,0.029,0.656,0,,0.081758838,0.096078024,0.124632375,0.146460402,-0.021828027,-0.014319186,221
SG040921Intact_vs_slimetrail,Slime_Trail,Intact,4/2/2021,4/9/2021,7,30,C2,0,asw,0.018,0.034,0.634,0,,0.075693976,0.104031419,0.119391129,0.164087412,-0.044696283,-0.028337443,111
SG061721_Intact_vs_Slime trail,Slime_Trail,Intact,6/8/2021,6/17/2021,9,1,A1,1,asw+anemone,0.141,0.118,0.687,*,,0.211853001,0.193805486,0.308374091,0.282104056,0.026270035,0.018047514,540
SG061721_Intact_vs_Slime trail,Slime_Trail,Intact,6/8/2021,6/17/2021,9,2,B1,1,asw+anemone,0.09,0.075,0.658,*,,0.169256875,0.154509681,0.257229293,0.234817144,0.022412149,0.014747194,120
SG061721_Intact_vs_Slime trail,Slime_Trail,Intact,6/8/2021,6/17/2021,9,3,C1,0,asw+anemone,0.141,0.101,0.479,*,,0.211853001,0.179302255,0.442281839,0.37432621,0.067955629,0.032550746,240
SG061721_Intact_vs_Slime trail,Slime_Trail,Intact,6/8/2021,6/17/2021,9,4,A2,1,asw+anemone,0.155,0.16,0.7,*,,0.222121661,0.225675833,0.317316659,0.322394048,-0.005077389,-0.003554172,780
SG061721_Intact_vs_Slime trail,Slime_Trail,Intact,6/8/2021,6/17/2021,9,5,B2,1,asw+anemone,0.204,0.092,0.554,*,,0.254823894,0.171127174,0.459970927,0.308893815,0.151077112,0.08369672,120
SG061721_Intact_vs_Slime trail,Slime_Trail,Intact,6/8/2021,6/17/2021,9,6,C2,1,asw+anemone,0.228,0.131,0.637,*,,0.269396834,0.204202339,0.422914967,0.32056882,0.102346146,0.065194495,120
SG062921 Intact_vs_Slime Trail,Slime_Trail,Intact,6/22/2021,6/29/2021,7,7,A1,0,asw+anemone,0.06,0.042,0.619,0,,0.13819766,0.115624458,0.223259547,0.186792339,0.036467209,0.022573202,60
SG062921 Intact_vs_Slime Trail,Slime_Trail,Intact,6/22/2021,6/29/2021,7,8,B1,0,asw+anemone,0.024,0.015,0.617,0,,0.087403874,0.06909883,0.14165944,0.111991621,0.029667819,0.018305045,60
SG062921 Intact_vs_Slime Trail,Slime_Trail,Intact,6/22/2021,6/29/2021,7,9,C1,0,asw+anemone,0.034,0.042,0.588,0,,0.104031419,0.115624458,0.176924182,0.196640234,-0.019716052,-0.011593039,300
SG062921 Intact_vs_Slime Trail,Slime_Trail,Intact,6/22/2021,6/29/2021,7,10,A2,1,asw+anemone,0.031,0.031,0.622,0,,0.099335827,0.099335827,0.159703901,0.159703901,0,0,60
SG070121 Intact_vs_Slime Trails,Slime_Trail,Intact,6/24/2021,7/1/2021,7,11,A1,0,asw+anemone,0.155,0.43,0.51,1,1,0.222121661,0.369963851,0.435532669,0.725419316,-0.289886647,-0.14784219,420
SG070121 Intact_vs_Slime Trails,Slime_Trail,Intact,6/24/2021,7/1/2021,7,12,B1,1,asw+anemone,0.123,0.044,0.543,1,0,0.197868936,0.118345405,0.364399515,0.21794734,0.146452175,0.079523531,120
SG070121 Intact_vs_Slime Trails,Slime_Trail,Intact,6/24/2021,7/1/2021,7,13,C1,0,asw+anemone,0.207,0.096,0.688,1,0,0.25669076,0.174807749,0.373097035,0.25408103,0.119016005,0.081883011,240
SG070121 Intact_vs_Slime Trails,Slime_Trail,Intact,6/24/2021,7/1/2021,7,14,A2,1,asw+anemone,0.094,0.085,0.487,1,1,0.172977251,0.164488116,0.355189427,0.337757939,0.017431488,0.008489135,120
SG070121 Intact_vs_Slime Trails,Slime_Trail,Intact,6/24/2021,7/1/2021,7,15,B2,0,asw+anemone,0.128,0.115,0.512,1,1,0.201850602,0.191325996,0.394239457,0.373683587,0.02055587,0.010524605,180
SG070121 Intact_vs_Slime Trails,Slime_Trail,Intact,6/24/2021,7/1/2021,7,16,C2,0,asw+anemone,0.123,0.112,0.41,0,,0.197868936,0.188813949,0.482607162,0.460521826,0.022085336,0.009054988,600
SG070621 Intact_vs_Slime Trail,Slime_Trail,Intact,6/29/2021,7/6/2021,7,17,A1,1,asw+anemone,0.156,0.139,0.63,0,,0.222837031,0.210345131,0.353709573,0.33388116,0.019828412,0.0124919,0
SG070621 Intact_vs_Slime Trail,Slime_Trail,Intact,6/29/2021,7/6/2021,7,18,B1,0,asw+anemone,0.089,0.121,0.713,0,,0.168313932,0.196253653,0.236064421,0.275250565,-0.039186143,-0.02793972,60
SG070621 Intact_vs_Slime Trail,Slime_Trail,Intact,6/29/2021,7/6/2021,7,19,C1,0,asw+anemone,0.222,0.116,0.58,0,,0.265828506,0.192156048,0.458325011,0.331303531,0.12702148,0.073672458,60
SG070621 Intact_vs_Slime Trail,Slime_Trail,Intact,6/29/2021,7/6/2021,7,21,B2,1,asw+anemone,0.181,0.137,0.797,0,0,0.240029351,0.208826374,0.301166062,0.262015526,0.039150536,0.031202977,120
SG070621 Intact_vs_Slime Trail,Slime_Trail,Intact,6/29/2021,7/6/2021,7,22,C2,1,asw+anemone,0.223,0.045,0.572,1,1,0.266426546,0.119682684,0.465780675,0.209235462,0.256545214,0.146743862,180
K8030521_intactvfeed,Feeding_Conspecific,Intact,2/26/2021,3/5/2021,7,1,A1,0,asw,0.166,0.113,0.569,,,0.229868313,0.189654995,0.40398649,0.333312821,0.070673669,0.040213318,312
K8030521_intactvfeed,Feeding_Conspecific,Intact,2/26/2021,3/5/2021,7,2,B1,0,asw,0.068,0.1,0.616,,,0.147122644,0.178412412,0.23883546,0.289630538,-0.050795078,-0.031289768,292
K8030521_intactvfeed,Feeding_Conspecific,Intact,2/26/2021,3/5/2021,7,3,C1,0,asw,0.202,0.153,0.481,,,0.25357168,0.220683965,0.52717605,0.458802423,0.068373627,0.032887715,425
K8030521_intactvfeed,Feeding_Conspecific,Intact,2/26/2021,3/5/2021,7,4,A2,0,asw,0.169,0.132,0.646,,,0.231936135,0.204980255,0.359034265,0.317306896,0.041727368,0.02695588,234
K8030521_intactvfeed,Feeding_Conspecific,Intact,2/26/2021,3/5/2021,7,5,A1,0,asw,0.366,0.099,0.544,,,0.341323041,0.177518108,0.627432061,0.326320052,0.301112009,0.163804933,229
K8030521_intactvfeed,Feeding_Conspecific,Intact,2/26/2021,3/5/2021,7,6,B1,1,asw,0.114,0.108,0.479,,,0.190492328,0.185411617,0.397687532,0.38708062,0.010606912,0.005080711,276
K8030521_intactvfeed,Feeding_Conspecific,Intact,2/26/2021,3/5/2021,7,7,C1,0,asw,0.103,0.287,0.415,,,0.181068822,0.302249793,0.436310414,0.728312754,-0.29200234,-0.121180971,2012
K8030521_intactvfeed,Feeding_Conspecific,Intact,2/26/2021,3/5/2021,7,8,A2,0,asw,0.286,0.213,0.431,,,0.301722766,0.260384342,0.700052821,0.604140006,0.095912816,0.041338423,286
K8030521_intactvfeed,Feeding_Conspecific,Intact,2/26/2021,3/5/2021,7,10,C2,0,asw,0.067,0.061,0.392,,,0.146036853,0.139344548,0.372542992,0.355470786,0.017072206,0.006692305,447
K8030521_intactvfeed,Feeding_Conspecific,Intact,2/26/2021,3/5/2021,7,11,A1,1,asw,0.106,0.082,0.332,,,0.18368682,0.16155931,0.553273555,0.486624428,0.066649127,0.02212751,187
SG032621Intact_vs_feeding,Feeding_Conspecific,Intact,3/19/2021,3/26/2021,7,12,A1,0,asw,0.19,0.095,0.634,,,0.245924538,0.173894908,0.387893593,0.27428219,0.113611403,0.07202963,248
SG032621Intact_vs_feeding,Feeding_Conspecific,Intact,3/19/2021,3/26/2021,7,13,B1,0,asw,0.137,0.187,0.674,,,0.208826374,0.243975303,0.309831415,0.361981162,-0.052149747,-0.03514893,133
SG032621Intact_vs_feeding,Feeding_Conspecific,Intact,3/19/2021,3/26/2021,7,14,C1,0,asw,0.129,0.04,0.596,,,0.202637547,0.112837917,0.339995884,0.189325364,0.15067052,0.08979963,148
SG032621Intact_vs_feeding,Feeding_Conspecific,Intact,3/19/2021,3/26/2021,7,15,A2,1,asw,0.095,0.081,0.63,,,0.173894908,0.16057117,0.276023664,0.254874874,0.02114879,0.013323738,267
SG032621Intact_vs_feeding,Feeding_Conspecific,Intact,3/19/2021,3/26/2021,7,16,B2,0,asw,0.083,0.233,0.472,,,0.162541443,0.272334727,0.344367463,0.576980354,-0.232612891,-0.109793284,659
SG050721Intact_vs_feeding,Feeding_Conspecific,Intact,4/30/2021,5/7/2021,7,6,A1,1,asw,0.222,0.423,0.587,,,0.265828506,0.366940161,0.452859465,0.625111007,-0.172251542,-0.101111655,433
SG050721Intact_vs_feeding,Feeding_Conspecific,Intact,4/30/2021,5/7/2021,7,7,B1,0,asw,0.224,0.262,0.757,,,0.267023247,0.288785717,0.352738768,0.381487076,-0.028748309,-0.02176247,351
SG050721Intact_vs_feeding,Feeding_Conspecific,Intact,4/30/2021,5/7/2021,7,8,C1,1,asw,0.132,0.365,0.804,,,0.204980255,0.340856434,0.254950566,0.423950788,-0.169000222,-0.135876179,323
SG050721Intact_vs_feeding,Feeding_Conspecific,Intact,4/30/2021,5/7/2021,7,9,A2,0,asw,0.485,0.099,0.663,,,0.392912579,0.177518108,0.592628324,0.267749786,0.324878538,0.215394471,573
SG050721Intact_vs_feeding,Feeding_Conspecific,Intact,4/30/2021,5/7/2021,7,10,B2,0,asw,0.27,0.093,0.573,,,0.293161507,0.172054699,0.511625667,0.300269981,0.211355686,0.121106808,2845
SG050721Intact_vs_feeding,Feeding_Conspecific,Intact,4/30/2021,5/7/2021,7,11,C2,0,asw,0.564,0.134,0.657,,,0.423706002,0.206527298,0.6449102,0.314349007,0.330561193,0.217178704,273
SG050721Intact_vs_feeding,Feeding_Conspecific,Intact,4/30/2021,5/7/2021,7,12,A1,0,asw,0.296,0.056,0.709,,,0.306952319,0.133511624,0.432936981,0.188309765,0.244627215,0.173440696,2520
SG050721Intact_vs_feeding,Feeding_Conspecific,Intact,4/30/2021,5/7/2021,7,14,C1,0,asw,0.397,0.099,0.807,,,0.355484212,0.177518108,0.440500882,0.219972873,0.220528009,0.177966104,708
SG050721Intact_vs_feeding,Feeding_Conspecific,Intact,4/30/2021,5/7/2021,7,15,A2,1,asw,0.063,0.071,0.863,,,0.141610462,0.15033297,0.164090917,0.174198111,-0.010107194,-0.008722509,180
SG062221 Intact_vs_Feeding,Feeding_Conspecific,Intact,6/15/2021,6/22/2021,7,1,A1,1,asw+anemone,0.126,0.209,0.633,,,0.200267435,0.257927831,0.316378255,0.407468928,-0.091090673,-0.057660396,720
SG062221 Intact_vs_Feeding,Feeding_Conspecific,Intact,6/15/2021,6/22/2021,7,2,B1,1,asw+anemone,0.049,0.104,0.643,,,0.124888688,0.181945674,0.194228131,0.282963723,-0.088735592,-0.057056986,540
SG062221 Intact_vs_Feeding,Feeding_Conspecific,Intact,6/15/2021,6/22/2021,7,3,C1,0,asw+anemone,0.196,0.056,0.747,,,0.249777376,0.133511624,0.334373998,0.17873042,0.155643578,0.116265753,180
SG062221 Intact_vs_Feeding,Feeding_Conspecific,Intact,6/15/2021,6/22/2021,7,4,A2,0,asw+anemone,0.078,0.126,0.727,,,0.157569575,0.200267435,0.216739444,0.275471025,-0.058731582,-0.04269786,540
SG062221 Intact_vs_Feeding,Feeding_Conspecific,Intact,6/15/2021,6/22/2021,7,5,B2,1,asw+anemone,0.111,0.102,0.851,,,0.187969139,0.180187703,0.220880305,0.211736432,0.009143873,0.007781436,660
SG062221 Intact_vs_Feeding,Feeding_Conspecific,Intact,6/15/2021,6/22/2021,7,6,C2,0,asw+anemone,0.125,0.145,0.698,,,0.19947114,0.214836993,0.285775272,0.307789388,-0.022014116,-0.015365853,300
SG062421_Intact vs Feeding,Feeding_Conspecific,Intact,6/17/2021,6/24/2021,7,7,A1,1,asw+anemone,0.06,0.166,0.647,,,0.13819766,0.229868313,0.213597619,0.355283327,-0.141685707,-0.091670653,180
SG062421_Intact vs Feeding,Feeding_Conspecific,Intact,6/17/2021,6/24/2021,7,8,B1,1,asw+anemone,0.108,0.036,0.626,,,0.185411617,0.107047447,0.296184692,0.171002311,0.12518238,0.07836417,180
SG062421_Intact vs Feeding,Feeding_Conspecific,Intact,6/17/2021,6/24/2021,7,9,C1,0,asw+anemone,0.028,0.106,0.765,,,0.094406974,0.18368682,0.12340781,0.240113491,-0.116705681,-0.089279846,300
SG062421_Intact vs Feeding,Feeding_Conspecific,Intact,6/17/2021,6/24/2021,7,10,A2,1,asw+anemone,0.086,0.141,0.535,,,0.165452864,0.211853001,0.30925769,0.395986917,-0.086729228,-0.046400137,240
SG062421_Intact vs Feeding,Feeding_Conspecific,Intact,6/17/2021,6/24/2021,7,11,B2,1,asw+anemone,0.044,0.101,0.631,,,0.118345405,0.179302255,0.187552148,0.284155713,-0.096603564,-0.060956849,240
SG062421_Intact vs Feeding,Feeding_Conspecific,Intact,6/17/2021,6/24/2021,7,12,C2,0,asw+anemone,0.088,0.225,0.781,,,0.167365677,0.267618617,0.214296642,0.342661482,-0.12836484,-0.10025294,180
SG062921 Intact_vs_Feeding,Feeding_Conspecific,Intact,6/22/2021,6/29/2021,7,13,A1,1,asw+anemone,0.081,0.31,0.692,,,0.16057117,0.314127466,0.232039264,0.453941424,-0.221902161,-0.153556295,60
SG062921 Intact_vs_Feeding,Feeding_Conspecific,Intact,6/22/2021,6/29/2021,7,14,B1,0,asw+anemone,0.17,0.076,0.948,,,0.232621325,0.155536335,0.245381144,0.164067863,0.081313281,0.07708499,60
SG062921 Intact_vs_Feeding,Feeding_Conspecific,Intact,6/22/2021,6/29/2021,7,15,C1,0,asw+anemone,0.137,0.097,0.686,,,0.208826374,0.175715847,0.304411624,0.25614555,0.048266074,0.033110527,180
SG062921 Intact_vs_Feeding,Feeding_Conspecific,Intact,6/22/2021,6/29/2021,7,16,A2,0,asw+anemone,0.091,0.102,0.764,,,0.170194593,0.180187703,0.222767792,0.235847779,-0.013079987,-0.00999311,60
SG07021 Intact_vs_Feeding,Feeding_Conspecific,Intact,6/24/2021,7/1/2021,7,17,A1,1,asw+anemone,0.137,0.423,0.678,,,0.208826374,0.366940161,0.308003501,0.541209677,-0.233206176,-0.158113787,180
SG07021 Intact_vs_Feeding,Feeding_Conspecific,Intact,6/24/2021,7/1/2021,7,18,B1,1,asw+anemone,0.092,0.229,0.539,,,0.171127174,0.26998697,0.317490118,0.500903469,-0.183413351,-0.098859796,240
SG07021 Intact_vs_Feeding,Feeding_Conspecific,Intact,6/24/2021,7/1/2021,7,19,C1,1,asw+anemone,0.078,0.088,0.408,,,0.157569575,0.167365677,0.38619994,0.410209994,-0.024010054,-0.009796102,360
SG07021 Intact_vs_Feeding,Feeding_Conspecific,Intact,6/24/2021,7/1/2021,7,20,A2,0,asw+anemone,0.286,0.148,0.678,,,0.301722766,0.217048066,0.445018829,0.320129892,0.124888937,0.084674699,120
SG07021 Intact_vs_Feeding,Feeding_Conspecific,Intact,6/24/2021,7/1/2021,7,21,B2,0,asw+anemone,0.127,0.13,0.649,,,0.201060577,0.203421447,0.309800581,0.313438285,-0.003637705,-0.00236087,0
SG07021 Intact_vs_Feeding,Feeding_Conspecific,Intact,6/24/2021,7/1/2021,7,22,C2,0,asw+anemone,0.181,0.272,0.619,,,0.240029351,0.294245287,0.387769549,0.475355876,-0.087586326,-0.054215936,120
SG070621 Intact_vs_Feeding,Feeding_Conspecific,Intact,6/29/2021,7/6/2021,7,23,A1,0,asw+anemone,0.148,0.238,0.723,,,0.217048066,0.275241263,0.300204795,0.38069331,-0.080488515,-0.058193197,120
SG070621 Intact_vs_Feeding,Feeding_Conspecific,Intact,6/29/2021,7/6/2021,7,24,B1,0,asw+anemone,0.12,0.202,0.697,,,0.195441005,0.25357168,0.280403163,0.363804419,-0.083401256,-0.058130675,120
SG070621 Intact_vs_Feeding,Feeding_Conspecific,Intact,6/29/2021,7/6/2021,7,25,C1,1,asw+anemone,0.203,0.232,0.846,,,0.254198558,0.271749689,0.300471109,0.321217127,-0.020746018,-0.017551131,120
SG070621 Intact_vs_Feeding,Feeding_Conspecific,Intact,6/29/2021,7/6/2021,7,26,A2,0,asw+anemone,0.259,0.113,0.654,,,0.287127603,0.189654995,0.439033032,0.289992347,0.149040685,0.097472608,120
SG070621 Intact_vs_Feeding,Feeding_Conspecific,Intact,6/29/2021,7/6/2021,7,27,B2,0,asw+anemone,0.234,0.189,0.714,,,0.27291851,0.245276514,0.38223881,0.34352453,0.03871428,0.027641996,60
SG070621 Intact_vs_Feeding,Feeding_Conspecific,Intact,6/29/2021,7/6/2021,7,28,C2,1,asw+anemone,0.075,0.204,0.911,,,0.154509681,0.254823894,0.169604479,0.279718873,-0.110114394,-0.100314213,480
SG031921_intact_vs_cut,Bisected_Anemone,Intact,3/12/2021,3/19/2021,7,1,A1,0,asw,0.032,0.019,0.038,,,0.100925301,0.077768167,2.655928971,2.046530717,0.609398253,0.023157134,2160
SG031921_intact_vs_cut,Bisected_Anemone,Intact,3/12/2021,3/19/2021,7,2,B1,1,asw,0.01,0.018,0.613,,,0.056418958,0.075693976,0.092037452,0.1234812,-0.031443748,-0.019275017,300
SG031921_intact_vs_cut,Bisected_Anemone,Intact,3/12/2021,3/19/2021,7,3,C1,1,asw,0.013,0.039,0.503,,,0.06432751,0.111418515,0.127887693,0.221507983,-0.093620289,-0.047091006,600
SG031921_intact_vs_cut,Bisected_Anemone,Intact,3/12/2021,3/19/2021,7,5,B2,1,asw,0.023,0.051,0.36,,,0.085563587,0.127411947,0.23767663,0.353922075,-0.116245445,-0.04184836,180
SG031921_intact_vs_cut,Bisected_Anemone,Intact,3/12/2021,3/19/2021,7,6,C2,0,asw,0.056,0.033,0.495,,,0.133511624,0.102490128,0.269720452,0.207050763,0.062669689,0.031021496,1620
SG031921_intact_vs_cut,Bisected_Anemone,Intact,3/12/2021,3/19/2021,7,8,B1,0,asw,0.036,0.01,0.533,,,0.107047447,0.056418958,0.200839488,0.105851704,0.094987784,0.050628489,240
SG031921_intact_vs_cut,Bisected_Anemone,Intact,3/12/2021,3/19/2021,7,9,C1,0,asw,0.035,0.013,0.376,,,0.105550206,0.06432751,0.280718633,0.171083803,0.109634831,0.041222696,1200
SG031921_intact_vs_cut,Bisected_Anemone,Intact,3/12/2021,3/19/2021,7,10,A2,0,asw,0.033,0.015,0.462,,,0.102490128,0.06909883,0.221840103,0.149564567,0.072275536,0.033391298,1020
SG031921_intact_vs_cut,Bisected_Anemone,Intact,3/12/2021,3/19/2021,7,11,B2,0,asw,0.066,0.022,0.511,,,0.144942928,0.083682839,0.283645652,0.163762894,0.119882759,0.06126009,720
SG031921_intact_vs_cut,Bisected_Anemone,Intact,3/12/2021,3/19/2021,7,12,C2,0,asw,0.018,0.018,0.278,,,0.075693976,0.075693976,0.272280488,0.272280488,0,0,1140
SG032621Intact_vs_injured,Bisected_Anemone,Intact,3/19/2021,3/26/2021,7,7,A1,0,asw,0.177,0.092,0.597,,,0.237362276,0.171127174,0.397591751,0.286645182,0.11094657,0.066235102,345
SG032621Intact_vs_injured,Bisected_Anemone,Intact,3/19/2021,3/26/2021,7,8,B1,1,asw,0.155,0.181,0.499,,,0.222121661,0.240029351,0.44513359,0.481020744,-0.035887154,-0.01790769,116
SG032621Intact_vs_injured,Bisected_Anemone,Intact,3/19/2021,3/26/2021,7,9,C1,1,asw,0.039,0.049,0.586,,,0.111418515,0.124888688,0.190133985,0.213120628,-0.022986643,-0.013470173,95
SG032621Intact_vs_injured,Bisected_Anemone,Intact,3/19/2021,3/26/2021,7,10,A2,0,asw,0.174,0.154,0.524,,,0.235342134,0.22140398,0.449126211,0.42252668,0.026599531,0.013938154,42
SG032621Intact_vs_injured,Bisected_Anemone,Intact,3/19/2021,3/26/2021,7,11,B2,0,asw,0.043,0.146,0.521,,,0.116992842,0.215576537,0.224554399,0.413774544,-0.189220144,-0.098583695,126
SG032621Intact_vs_injured,Bisected_Anemone,Intact,3/19/2021,3/26/2021,7,12,C2,0,asw,0.286,0.084,0.741,,,0.301722766,0.163517676,0.40718322,0.220671628,0.186511592,0.13820509,73
SG040921Intact_vs_injured,Bisected_Anemone,Intact,4/2/2021,4/9/2021,7,13,A1,1,asw,0.046,0.139,0.725,,,0.121005185,0.210345131,0.166903703,0.290131215,-0.123227512,-0.089339946,120
SG040921Intact_vs_injured,Bisected_Anemone,Intact,4/2/2021,4/9/2021,7,14,B1,0,asw,0.128,0.065,0.711,,,0.201850602,0.143840685,0.283896768,0.202307574,0.081589194,0.058009917,60
SG040921Intact_vs_injured,Bisected_Anemone,Intact,4/2/2021,4/9/2021,7,15,C1,0,asw,0.047,0.028,0.723,,,0.122313387,0.094406974,0.169174809,0.130576728,0.038598081,0.027906413,120
SG040921Intact_vs_injured,Bisected_Anemone,Intact,4/2/2021,4/9/2021,7,16,A2,1,asw,0.034,0.105,0.606,,,0.104031419,0.18281832,0.171669008,0.301680396,-0.130011388,-0.078786901,60
SG040921Intact_vs_injured,Bisected_Anemone,Intact,4/2/2021,4/9/2021,7,17,B2,1,asw,0.065,0.086,0.594,,,0.143840685,0.165452864,0.242156035,0.278540175,-0.03638414,-0.021612179,540
SG040921Intact_vs_injured,Bisected_Anemone,Intact,4/2/2021,4/9/2021,7,18,C2,1,asw,0.1,0.052,0.71,,,0.178412412,0.12865502,0.251285087,0.181204253,0.070080834,0.049757392,60
SG040921Intact_vs_injured,Bisected_Anemone,Intact,4/2/2021,4/9/2021,7,19,A1,0,asw,0.092,0.076,0.488,,,0.171127174,0.155536335,0.350670438,0.318721997,0.031948441,0.015590839,420
SG040921Intact_vs_injured,Bisected_Anemone,Intact,4/2/2021,4/9/2021,7,20,B1,1,asw,0.029,0.129,0.572,,,0.096078024,0.202637547,0.167968573,0.354261445,-0.186292872,-0.106559523,120
SG040921Intact_vs_injured,Bisected_Anemone,Intact,4/2/2021,4/9/2021,7,21,C1,0,asw,0.092,0.131,0.414,,,0.171127174,0.204202339,0.413350661,0.493242364,-0.079891703,-0.033075165,180
SG040921Intact_vs_injured,Bisected_Anemone,Intact,4/2/2021,4/9/2021,7,22,A2,0,asw,0.118,0.059,0.637,,,0.193805486,0.137041174,0.304247231,0.215135281,0.089111951,0.056764313,180
SG040921Intact_vs_injured,Bisected_Anemone,Intact,4/2/2021,4/9/2021,7,23,B2,0,asw,0.04,0.091,0.837,,,0.112837917,0.170194593,0.134812326,0.203338821,-0.068526496,-0.057356677,60
SG040921Intact_vs_injured,Bisected_Anemone,Intact,4/2/2021,4/9/2021,7,24,C2,1,asw,0.035,0.06,0.537,,,0.105550206,0.13819766,0.196555319,0.257351322,-0.060796003,-0.032647454,600
SG062421_Intact_vs_Injured,Munched_Anemone,Intact,6/17/2021,6/24/2021,7,1,A1,0,asw+anemone,0.226,0.241,0.701,,,0.268212666,0.276970545,0.38261436,0.395107767,-0.012493407,-0.008757878,60
SG062421_Intact_vs_Injured,Munched_Anemone,Intact,6/17/2021,6/24/2021,7,2,B1,0,asw+anemone,0.17,0.087,0.667,,,0.232621325,0.166412019,0.348757608,0.249493282,0.099264326,0.066209305,60
SG062421_Intact_vs_Injured,Munched_Anemone,Intact,6/17/2021,6/24/2021,7,3,C1,0,asw+anemone,0.082,0.155,0.625,,,0.16155931,0.222121661,0.258494896,0.355394658,-0.096899762,-0.060562351,120
SG062421_Intact_vs_Injured,Munched_Anemone,Intact,6/17/2021,6/24/2021,7,4,A2,1,asw+anemone,0.079,0.074,0.758,,,0.15857642,0.15347616,0.20920372,0.202475145,0.006728576,0.00510026,120
SG062421_Intact_vs_Injured,Munched_Anemone,Intact,6/17/2021,6/24/2021,7,5,B2,0,asw+anemone,0.14,0.159,0.573,,,0.211100412,0.224969491,0.368412587,0.392616913,-0.024204326,-0.013869079,60
SG062421_Intact_vs_Injured,Munched_Anemone,Intact,6/17/2021,6/24/2021,7,6,C2,0,asw+anemone,0.161,0.169,0.476,,,0.226379972,0.231936135,0.475588176,0.487260788,-0.011672612,-0.005556163,120
SG062421_Intact_vs_Injured,Munched_Anemone,Intact,6/17/2021,6/24/2021,7,7,A1,0,asw+anemone,0.142,0.148,0.84,,,0.212602925,0.217048066,0.253098721,0.258390555,-0.005291835,-0.004445141,60
SG062421_Intact_vs_Injured,Munched_Anemone,Intact,6/17/2021,6/24/2021,7,8,B1,0,asw+anemone,0.082,0.146,0.653,,,0.16155931,0.215576537,0.247410888,0.330132522,-0.082721634,-0.054017227,120
SG062421_Intact_vs_Injured,Munched_Anemone,Intact,6/17/2021,6/24/2021,7,9,C1,1,asw+anemone,0.161,0.056,0.446,,,0.226379972,0.133511624,0.507578412,0.299353416,0.208224996,0.092868348,60
SG062421_Intact_vs_Injured,Munched_Anemone,Intact,6/17/2021,6/24/2021,7,10,A2,1,asw+anemone,0.111,0.12,0.523,,,0.187969139,0.195441005,0.35940562,0.37369217,-0.014286549,-0.007471865,120
SG062421_Intact_vs_Injured,Munched_Anemone,Intact,6/17/2021,6/24/2021,7,11,B2,0,asw+anemone,0.173,0.067,0.646,,,0.234664889,0.146036853,0.363258343,0.22606324,0.137195103,0.088628037,60
SG062421_Intact_vs_Injured,Munched_Anemone,Intact,6/17/2021,6/24/2021,7,12,C2,0,asw+anemone,0.141,0.059,0.458,,,0.211853001,0.137041174,0.462561137,0.299216536,0.163344601,0.074811827,120
SG062921 Intact_vs_Injured,Munched_Anemone,Intact,6/22/2021,6/29/2021,7,13,A1,0,asw+anemone,0.233,0.133,0.731,,,0.272334727,0.20575523,0.372550926,0.281470904,0.091080022,0.066579496,120
SG062921 Intact_vs_Injured,Munched_Anemone,Intact,6/22/2021,6/29/2021,7,14,B1,0,asw+anemone,0.186,0.096,0.753,,,0.243322089,0.174807749,0.323136904,0.232148405,0.090988499,0.06851434,60
SG062921 Intact_vs_Injured,Munched_Anemone,Intact,6/22/2021,6/29/2021,7,15,C1,0,asw+anemone,0.225,0.167,0.655,,,0.267618617,0.230559647,0.408578042,0.351999462,0.05657858,0.03705897,60
SG062921 Intact_vs_Injured,Munched_Anemone,Intact,6/22/2021,6/29/2021,7,16,A2,0,asw+anemone,0.08,0.107,0.858,,,0.159576912,0.184551234,0.185987077,0.215094678,-0.029107601,-0.024974321,420
SG062921 Intact_vs_Injured,Munched_Anemone,Intact,6/22/2021,6/29/2021,7,17,B2,0,asw+anemone,0.186,0.086,0.608,,,0.243322089,0.165452864,0.400200804,0.272126421,0.128074383,0.077869225,120
SG062921 Intact_vs_Injured,Munched_Anemone,Intact,6/22/2021,6/29/2021,7,18,C2,0,asw+anemone,0.119,0.08,0.736,,,0.194624964,0.159576912,0.264436092,0.216816457,0.047619635,0.035048051,120
SG070121 Intact_vs_Injured,Munched_Anemone,Intact,6/24/2021,7/1/2021,7,19,A1,0,asw+anemone,0.218,0.168,0.655,,,0.263422769,0.231248915,0.402172166,0.353051779,0.049120387,0.032173854,60
SG070121 Intact_vs_Injured,Munched_Anemone,Intact,6/24/2021,7/1/2021,7,20,B1,0,asw+anemone,0.106,0.167,0.462,,,0.18368682,0.230559647,0.39759052,0.499046856,-0.101456336,-0.046872827,180
SG070121 Intact_vs_Injured,Munched_Anemone,Intact,6/24/2021,7/1/2021,7,21,C1,1,asw+anemone,0.372,0.182,0.753,,,0.344109398,0.240691502,0.456984592,0.319643429,0.137341163,0.103417895,60
SG070121 Intact_vs_Injured,Munched_Anemone,Intact,6/24/2021,7/1/2021,7,22,A2,0,asw+anemone,0.143,0.164,0.556,,,0.213350214,0.228479367,0.383723406,0.410934114,-0.027210708,-0.015129154,60
SG070121 Intact_vs_Injured,Munched_Anemone,Intact,6/24/2021,7/1/2021,7,23,B2,1,asw+anemone,0.081,0.249,0.586,,,0.16057117,0.281530037,0.274012236,0.480426684,-0.206414448,-0.120958866,120
SG070121 Intact_vs_Injured,Munched_Anemone,Intact,6/24/2021,7/1/2021,7,24,C2,1,asw+anemone,0.199,0.096,0.632,,,0.251681679,0.174807749,0.398230504,0.276594539,0.121635965,0.07687393,180
SG070621 Intact_vs_Injured,Munched_Anemone,Intact,6/29/2021,7/6/2021,7,25,A1,1,asw+anemone,0.191,0.269,0.651,,,0.246570858,0.292618112,0.378757079,0.449490187,-0.070733108,-0.046047253,0
SG070621 Intact_vs_Injured,Munched_Anemone,Intact,6/29/2021,7/6/2021,7,26,B1,0,asw+anemone,0.209,0.25,0.737,,,0.257927831,0.282094792,0.34996992,0.382760911,-0.032790991,-0.02416696,60
SG070621 Intact_vs_Injured,Munched_Anemone,Intact,6/29/2021,7/6/2021,7,27,C1,0,asw+anemone,0.227,0.273,0.559,,,0.268805402,0.294785683,0.48086834,0.527344692,-0.046476352,-0.025980281,60
SG070621 Intact_vs_Injured,Munched_Anemone,Intact,6/29/2021,7/6/2021,7,28,A2,0,asw+anemone,0.189,0.207,0.663,,,0.245276514,0.25669076,0.369949494,0.387165551,-0.017216057,-0.011414246,60
SG070621 Intact_vs_Injured,Munched_Anemone,Intact,6/29/2021,7/6/2021,7,29,B2,0,asw+anemone,0.114,0.25,0.626,,,0.190492328,0.282094792,0.304300843,0.450630658,-0.146329814,-0.091602464,1020
SG070621 Intact_vs_Injured,Munched_Anemone,Intact,6/29/2021,7/6/2021,7,30,C2,1,asw+anemone,0.055,0.131,0.895,,,0.132314186,0.204202339,0.147837079,0.228159038,-0.080321959,-0.071888153,120
SG100521_Injuredslimetrail_vs_Intact,Munched_Anemone+Slime_Trail,Intact,9/28/2021,10/5/2021,7,1,A1,0,asw+anemone,0.224,0.161,0.567,1,,0.267023247,0.226379972,0.470940471,0.39925921,0.071681261,0.040643275,240
SG100521_Injuredslimetrail_vs_Intact,Munched_Anemone+Slime_Trail,Intact,9/28/2021,10/5/2021,7,2,B1,0,asw+anemone,0.071,0.101,0.507,1,,0.15033297,0.179302255,0.296514734,0.353653362,-0.057138628,-0.028969284,360
SG100521_Injuredslimetrail_vs_Intact,Munched_Anemone+Slime_Trail,Intact,9/28/2021,10/5/2021,7,3,C1,1,asw+anemone,0.126,0.098,0.507,1,,0.200267435,0.176619277,0.395004803,0.348361492,0.046643311,0.023648159,180
SG100521_Injuredslimetrail_vs_Intact,Munched_Anemone+Slime_Trail,Intact,9/28/2021,10/5/2021,7,4,A2,1,asw+anemone,0.107,0.099,0.581,1,,0.184551234,0.177518108,0.31764412,0.305538913,0.012105207,0.007033125,360
SG100521_Injuredslimetrail_vs_Intact,Munched_Anemone+Slime_Trail,Intact,9/28/2021,10/5/2021,7,5,B2,1,asw+anemone,0.239,0.075,0.592,1,,0.275818895,0.154509681,0.465910295,0.260996082,0.204914213,0.121309214,960
SG100521_Injuredslimetrail_vs_Intact,Munched_Anemone+Slime_Trail,Intact,9/28/2021,10/5/2021,7,6,C2,0,asw+anemone,0.276,0.123,0.64,1,,0.296400959,0.197868936,0.463126499,0.309170213,0.153956286,0.098532023,420
SG100521_Injuredslimetrail_vs_Intact,Munched_Anemone+Slime_Trail,Intact,9/28/2021,10/5/2021,7,7,A1,0,asw+anemone,0.154,0.219,0.623,1,,0.22140398,0.264026258,0.355383596,0.423798167,-0.068414572,-0.042622278,660
SG100521_Injuredslimetrail_vs_Intact,Munched_Anemone+Slime_Trail,Intact,9/28/2021,10/5/2021,7,8,B1,1,asw+anemone,0.14,0.157,0.643,1,,0.211100412,0.223550111,0.328305462,0.347667358,-0.019361895,-0.012449699,780
SG100521_Injuredslimetrail_vs_Intact,Munched_Anemone+Slime_Trail,Intact,9/28/2021,10/5/2021,7,10,A2,0,asw+anemone,0.151,0.194,0.64,1,,0.219236842,0.248499734,0.342557565,0.388280835,-0.045723269,-0.029262892,300
SG100521_Injuredslimetrail_vs_Intact,Munched_Anemone+Slime_Trail,Intact,9/28/2021,10/5/2021,7,11,B2,0,asw+anemone,0.148,0.047,0.619,1,,0.217048066,0.122313387,0.35064308,0.197598364,0.153044716,0.094734679,660
SG100521_Injuredslimetrail_vs_Intact,Munched_Anemone+Slime_Trail,Intact,9/28/2021,10/5/2021,7,12,C2,0,asw+anemone,0.069,0.048,0.608,1,,0.14820048,0.123607745,0.243750789,0.203302212,0.040448577,0.024592735,540
SG100721_Injuredslimetrail_vs_intact,Feeding_Conspecific+Slime_Trail,Intact,9/30/2021,10/7/2021,7,13,A1,0,asw+anemone,0.124,0.202,0.658,1,,0.198671653,0.25357168,0.301932604,0.385367295,-0.083434691,-0.054900027,420
SG100721_Injuredslimetrail_vs_intact,Feeding_Conspecific+Slime_Trail,Intact,9/30/2021,10/7/2021,7,14,B1,0,asw+anemone,0.151,0.095,0.731,1,,0.219236842,0.173894908,0.2999136,0.237886332,0.062027269,0.045341933,420
SG100721_Injuredslimetrail_vs_intact,Feeding_Conspecific+Slime_Trail,Intact,9/30/2021,10/7/2021,7,15,C1,1,asw+anemone,0.117,0.072,0.618,1,,0.192982529,0.151387951,0.312269465,0.244964323,0.067305143,0.041594578,480
SG100721_Injuredslimetrail_vs_intact,Feeding_Conspecific+Slime_Trail,Intact,9/30/2021,10/7/2021,7,16,A2,0,asw+anemone,0.126,0.09,0.726,1,,0.200267435,0.169256875,0.275850462,0.233136192,0.04271427,0.03101056,840
SG100721_Injuredslimetrail_vs_intact,Feeding_Conspecific+Slime_Trail,Intact,9/30/2021,10/7/2021,7,17,B2,1,asw+anemone,0.047,0.06,0.474,1,,0.122313387,0.13819766,0.25804512,0.291556244,-0.033511124,-0.015884273,840
SG100721_Injuredslimetrail_vs_intact,Feeding_Conspecific+Slime_Trail,Intact,9/30/2021,10/7/2021,7,18,C2,1,asw+anemone,0.068,0.106,0.634,,,0.147122644,0.18368682,0.232054643,0.289726846,-0.057672203,-0.036564177,600
K820211223_SF_feedingcon_slimetrail,Feeding_Conspecific+Slime_Trail,Intact,12/20/2021,12/23/2021,3,1,A1,0,asw+anemone,0.131,0.064,0.503,,,0.204202339,0.142729929,0.405968864,0.283757315,0.122211549,0.061472409,2160
K820211223_SF_feedingcon_slimetrail,Feeding_Conspecific+Slime_Trail,Intact,12/20/2021,12/23/2021,3,2,B1,0,asw+anemone,0.257,0.061,0.519,,,0.286016854,0.139344548,0.551092204,0.268486605,0.282605599,0.146672306,2760
K820211223_SF_feedingcon_slimetrail,Feeding_Conspecific+Slime_Trail,Intact,12/20/2021,12/23/2021,3,3,C1,0,asw+anemone,0.037,0.091,0.273,,,0.108524033,0.170194593,0.397523931,0.623423419,-0.225899488,-0.06167056,600
K820211223_SF_feedingcon_slimetrail,Feeding_Conspecific+Slime_Trail,Intact,12/20/2021,12/23/2021,3,4,A2,1,asw+anemone,0.066,0.05,0.388,,,0.144942928,0.126156626,0.373564248,0.325145944,0.048418305,0.018786302,960
K820211223_SF_feedingcon_slimetrail,Feeding_Conspecific+Slime_Trail,Intact,12/20/2021,12/23/2021,3,5,B2,1,asw+anemone,0.081,0.148,0.501,,,0.16057117,0.217048066,0.320501338,0.433229674,-0.112728335,-0.056476896,420
K820211223_SF_feedingcon_slimetrail,Feeding_Conspecific+Slime_Trail,Intact,12/20/2021,12/23/2021,3,6,C2,1,asw+anemone,0.076,0.105,0.522,,,0.155536335,0.18281832,0.297962327,0.350226666,-0.05226434,-0.027281985,180
K820211223_SF_feedingcon_slimetrail,Feeding_Conspecific+Slime_Trail,Intact,12/20/2021,12/23/2021,3,7,A1,1,asw+anemone,0.053,0.111,0.311,,,0.129886196,0.187969139,0.417640502,0.604402377,-0.186761875,-0.058082943,600
K820211223_SF_feedingcon_slimetrail,Feeding_Conspecific+Slime_Trail,Intact,12/20/2021,12/23/2021,3,8,B1,1,asw+anemone,0.087,0.055,0.438,,,0.166412019,0.132314186,0.379936117,0.302087182,0.077848935,0.034097833,1020
K820211223_SF_feedingcon_slimetrail,Feeding_Conspecific+Slime_Trail,Intact,12/20/2021,12/23/2021,3,9,C1,0,asw+anemone,0.158,0.096,0.504,,,0.224260924,0.174807749,0.444962151,0.346840772,0.098121379,0.049453175,660
K820211223_SF_feedingcon_slimetrail,Feeding_Conspecific+Slime_Trail,Intact,12/20/2021,12/23/2021,3,10,A2,0,asw+anemone,0.196,0.042,0.34,,,0.249777376,0.115624458,0.734639342,0.340071934,0.394567408,0.134152919,1440
K820211223_SF_feedingcon_slimetrail,Feeding_Conspecific+Slime_Trail,Intact,12/20/2021,12/23/2021,3,11,B2,1,asw+anemone,0.286,0.356,0.361,,,0.301722766,0.336627865,0.835797135,0.932487161,-0.096690025,-0.034905099,300
K820211223_SF_feedingcon_slimetrail,Feeding_Conspecific+Slime_Trail,Intact,12/20/2021,12/23/2021,3,12,C2,1,asw+anemone,0.233,0.135,0.451,,,0.272334727,0.20729649,0.603846401,0.459637449,0.144208952,0.065038237,240
K820211223_SF_feedingcon_slimetrail,Feeding_Conspecific+Slime_Trail,Intact,12/20/2021,12/23/2021,3,13,A1,1,asw+anemone,0.101,0.124,0.514,,,0.179302255,0.198671653,0.348837071,0.386520727,-0.037683655,-0.019369399,600
K820211223_SF_feedingcon_slimetrail,Feeding_Conspecific+Slime_Trail,Intact,12/20/2021,12/23/2021,3,14,A2,1,asw+anemone,0.051,0.134,0.567,,,0.127411947,0.206527298,0.224712428,0.364245675,-0.139533247,-0.079115351,1080
K820211223_SF_feedingcon_slimetrail,Feeding_Conspecific+Slime_Trail,Intact,12/20/2021,12/23/2021,3,15,A1,1,asw+anemone,0.31,0.287,0.398,,,0.314127466,0.302249793,0.789264989,0.75942159,0.029843399,0.011877673,1080
K820211223_SF_feedingcon_slimetrail,Feeding_Conspecific+Slime_Trail,Intact,12/20/2021,12/23/2021,3,16,A2,0,asw+anemone,0.246,0.138,0.284,,,0.279828933,0.209587128,0.985313146,0.737982846,0.2473303,0.070241805,660
K820211223_SF_munched,Munched_Anemone,Intact,12/20/2021,12/23/2021,3,1,A1,1,asw+anemone,0.069,0.231,0.662,,,0.14820048,0.271163389,0.223867794,0.409612371,-0.185744577,-0.12296291,360
K820211223_SF_munched,Munched_Anemone,Intact,12/20/2021,12/23/2021,3,2,A2,0,asw+anemone,0.215,0.231,0.533,,,0.261603948,0.271163389,0.490814161,0.508749323,-0.017935162,-0.009559441,300
K820211223_SF_munched,Munched_Anemone,Intact,12/20/2021,12/23/2021,3,3,B1,1,asw+anemone,0.078,0.13,0.764,,,0.157569575,0.203421447,0.2062429,0.266258439,-0.060015539,-0.045851872,120
K820211223_SF_munched,Munched_Anemone,Intact,12/20/2021,12/23/2021,3,4,B2,0,asw+anemone,0.166,0.154,0.686,,,0.229868313,0.22140398,0.335085004,0.322746327,0.012338677,0.008464332,1320
K820211223_SF_munched,Munched_Anemone,Intact,12/20/2021,12/23/2021,3,5,C1,1,asw+anemone,0.06,0.219,0.484,,,0.13819766,0.264026258,0.285532355,0.545508798,-0.259976443,-0.125828599,360
K820211223_SF_munched,Munched_Anemone,Intact,12/20/2021,12/23/2021,3,6,C2,1,asw+anemone,0.091,0.132,0.578,,,0.170194593,0.204980255,0.294454314,0.35463712,-0.060182806,-0.034785662,2100
K820211223_SF_munched,Munched_Anemone,Intact,12/20/2021,12/23/2021,3,7,A1,0,asw+anemone,0.293,0.084,0.573,,,0.305392856,0.163517676,0.532971826,0.285371163,0.247600663,0.14187518,1020
K820211223_SF_munched,Munched_Anemone,Intact,12/20/2021,12/23/2021,3,8,A2,0,asw+anemone,0.147,0.046,0.389,,,0.216313553,0.121005185,0.556075972,0.311067313,0.245008659,0.095308368,540
K820211223_SF_munched,Munched_Anemone,Intact,12/20/2021,12/23/2021,3,9,B1,0,asw+anemone,0.186,0.335,0.222,,,0.243322089,0.32654833,1.096045444,1.470938424,-0.374892979,-0.083226241,1020
K820211223_SF_munched,Munched_Anemone,Intact,12/20/2021,12/23/2021,3,10,B2,0,asw+anemone,0.128,0.196,0.397,,,0.201850602,0.249777376,0.508439803,0.629162157,-0.120722354,-0.047926774,1680
K820211223_SF_munched,Munched_Anemone,Intact,12/20/2021,12/23/2021,3,11,C1,1,asw+anemone,0.117,0.244,0.199,,,0.192982529,0.278689096,0.969761455,1.400447719,-0.430686264,-0.085706567,1680
K820211223_SF_munched,Munched_Anemone,Intact,12/20/2021,12/23/2021,3,13,A1,1,asw+anemone,,,,,,,,,,,,540
K820211223_SF_munched,Munched_Anemone,Intact,12/20/2021,12/23/2021,3,14,A2,0,asw+anemone,,,,,,,,,,,,300
K820211223_SF_munched,Munched_Anemone,Intact,12/20/2021,12/23/2021,3,15,B1,0,asw+anemone,,,,,,,,,,,,600
K820211223_SF_munched,Munched_Anemone,Intact,12/20/2021,12/23/2021,3,16,B2,0,asw+anemone,,,,,,,,,,,,1200
K820211223_SF_munched,Munched_Anemone,Intact,12/20/2021,12/23/2021,3,17,C1,0,asw+anemone,,,,,,,,,,,,300
K820211223_SF_munched,Munched_Anemone,Intact,12/20/2021,12/23/2021,3,18,C2,1,asw+anemone,,,,,,,,,,,,540
K820211223_SF_slime trail,Slime_Trail,Intact,12/20/2021,12/23/2021,3,1,B1,1,asw+anemone,,,,,,,,,,,,396
K820211223_SF_slime trail,Slime_Trail,Intact,12/20/2021,12/23/2021,3,2,B2,0,asw+anemone,,,,,,,,,,,,304
K820211223_SF_slime trail,Slime_Trail,Intact,12/20/2021,12/23/2021,3,3,C1,1,asw+anemone,,,,,,,,,,,,304
K820211223_SF_slime trail,Slime_Trail,Intact,12/20/2021,12/23/2021,3,4,C2,1,asw+anemone,,,,,,,,,,,,158
K820211223_SF_slime trail,Slime_Trail,Intact,12/20/2021,12/23/2021,3,5,B1,0,asw+anemone,,,,,,,,,,,,1003
K820211223_SF_slime trail,Slime_Trail,Intact,12/20/2021,12/23/2021,3,6,B2,0,asw+anemone,,,,,,,,,,,,446
K820211223_SF_slime trail,Slime_Trail,Intact,12/20/2021,12/23/2021,3,7,C1,0,asw+anemone,,,,,,,,,,,,999
K820211223_SF_slime trail,Slime_Trail,Intact,12/20/2021,12/23/2021,3,8,A1,1,asw+anemone,0.21,0.179,0.329,,,0.258544147,0.238699538,0.785848472,0.725530512,0.06031796,0.019844609,1169
K820211223_SF_slime trail,Slime_Trail,Intact,12/20/2021,12/23/2021,3,10,B1,0,asw+anemone,0.244,0.073,0.428,,,0.278689096,0.152435631,0.651142748,0.356158017,0.294984731,0.126253465,240
K820211223_SF_slime trail,Slime_Trail,Intact,12/20/2021,12/23/2021,3,11,B2,1,asw+anemone,,,,,,,,,,,,484
K820211223_SF_slime trail,Slime_Trail,Intact,12/20/2021,12/23/2021,3,12,C1,0,asw+anemone,0.07,0.022,0.479,,,0.149270533,0.083682839,0.311629505,0.174703212,0.136926293,0.065587694,199
K820211223_SF_slime trail,Slime_Trail,Intact,12/20/2021,12/23/2021,3,13,C2,1,asw+anemone,,,,,,,,,,,,311
K820211223_SF_slime trail,Slime_Trail,Intact,12/20/2021,12/23/2021,3,14,A1,0,asw+anemone,0.319,0.219,0.625,,,0.318654756,0.264026258,0.50984761,0.422442013,0.087405597,0.054628498,498
K820211223_SF_slime trail,Slime_Trail,Intact,12/20/2021,12/23/2021,3,15,A2,1,asw+anemone,0.524,0.176,0.614,,,0.408404677,0.236690811,0.665154197,0.38548992,0.279664277,0.171713866,290
K820211223_SF_slime trail,Slime_Trail,Intact,12/20/2021,12/23/2021,3,16,B1,0,asw+anemone,0.158,0.245,0.448,,,0.224260924,0.279259596,0.50058242,0.623347313,-0.122764894,-0.054998672,638
K820211223_SF_slime trail,Slime_Trail,Intact,12/20/2021,12/23/2021,3,17,B2,1,asw+anemone,0.561,0.067,0.502,,,0.422577621,0.146036853,0.841788091,0.290910065,0.550878025,0.276540769,91
K820211223_SF_slime trail,Slime_Trail,Intact,12/20/2021,12/23/2021,3,18,C1,0,asw+anemone,0.241,0.298,0.453,,,0.276970545,0.307987575,0.611414006,0.679884271,-0.068470265,-0.03101703,835
K820211223_SF_slime trail,Slime_Trail,Intact,12/20/2021,12/23/2021,3,19,C2,1,asw+anemone,0.405,0.168,0.499,,,0.359048052,0.231248915,0.719535175,0.46342468,0.256110495,0.127799137,868
K820230301_SF-ID_01,Feeding_Conspecific+Slime_Trail,Intact,2/22/2023,3/1/2023,7,1,A1,1,asw,0.07,0.14,0.787,,,0.149270533,0.211100412,0.189670309,0.268234323,-0.078564014,-0.061829879,
K820230301_SF-ID_02,Feeding_Conspecific+Slime_Trail,Intact,2/22/2023,3/1/2023,7,2,B1,1,asw,0.084,0.18,0.73,,,0.163517676,0.239365368,0.223996817,0.327897765,-0.103900948,-0.075847692,
K820230301_SF-ID_04,Feeding_Conspecific+Slime_Trail,Intact,2/22/2023,3/1/2023,7,4,C1,1,asw,0.108,0.138,0.644,,,0.185411617,0.209587128,0.287906238,0.325445851,-0.037539614,-0.024175511,
K820230301_SF-ID_07,Feeding_Conspecific+Slime_Trail,Intact,2/22/2023,3/1/2023,7,7,B2,0,asw,0.205,0.298,0.476,,,0.255447698,0.307987575,0.536654829,0.64703272,-0.110377891,-0.052539876,
K820230301_SF-ID_09,Feeding_Conspecific+Slime_Trail,Intact,2/22/2023,3/1/2023,7,9,C2,0,asw,0.124,0.09,0.619,,,0.198671653,0.169256875,0.320955821,0.273435986,0.047519836,0.029414778,
K820230301_SF-ID_10,Feeding_Conspecific+Slime_Trail,Intact,2/22/2023,3/1/2023,7,10,A1,1,asw,0.073,0.112,0.582,,,0.152435631,0.188813949,0.261916892,0.324422592,-0.0625057,-0.036378317,
K820230301_SF-ID_11,Feeding_Conspecific+Slime_Trail,Intact,2/22/2023,3/1/2023,7,11,B1,1,asw,0.051,0.168,0.787,,,0.127411947,0.231248915,0.161895739,0.293835979,-0.13194024,-0.103836969,
K820230301_SF-ID_12,Feeding_Conspecific+Slime_Trail,Intact,2/22/2023,3/1/2023,7,12,C1,0,asw,,,,,,,,,,,,
K820230301_SF-ID_13,Feeding_Conspecific+Slime_Trail,Intact,2/22/2023,3/1/2023,7,13,A2,0,asw,,,,,,,,,,,,
K820230301_SF-ID_15,Feeding_Conspecific+Slime_Trail,Intact,2/22/2023,3/1/2023,7,15,C2,0,asw,,,,,,,,,,,,
K820230301_SF-ID_17,Feeding_Conspecific+Slime_Trail,Intact,2/22/2023,3/1/2023,7,17,B1,0,asw,,,,,,,,,,,,
K820230301_SF-ID_19,Feeding_Conspecific+Slime_Trail,Intact,2/22/2023,3/1/2023,7,19,A2,0,asw,,,,,,,,,,,,
K820230301_SF-ID_20,Feeding_Conspecific+Slime_Trail,Intact,2/22/2023,3/1/2023,7,20,A1,0,asw,,,,,,,,,,,,
K820230301_SF-ID_21,Feeding_Conspecific+Slime_Trail,Intact,2/22/2023,3/1/2023,7,21,B1,0,asw,,,,,,,,,,,,
K820230301_SF-ID_24,Feeding_Conspecific+Slime_Trail,Intact,2/22/2023,3/1/2023,7,24,C1,1,asw,,,,,,,,,,,,
K820230301_SF-ID_25,Feeding_Conspecific+Slime_Trail,Intact,2/22/2023,3/1/2023,7,25,A2,0,asw,,,,,,,,,,,,
K820230301_SF-ID_26,Feeding_Conspecific+Slime_Trail,Intact,2/22/2023,3/1/2023,7,26,B2,0,asw,,,,,,,,,,,,
K820230301_SF-ID_27,Feeding_Conspecific+Slime_Trail,Intact,2/22/2023,3/1/2023,7,27,C2,1,asw,,,,,,,,,,,,
K820230301_SF-ID_28,Feeding_Conspecific+Slime_Trail,Intact,2/22/2023,3/1/2023,7,28,A1,0,asw,,,,,,,,,,,,
K820230301_SF-ID_29,Feeding_Conspecific+Slime_Trail,Intact,2/22/2023,3/1/2023,7,29,B1,1,asw,,,,,,,,,,,,
K820230301_SF-ID_30,Feeding_Conspecific+Slime_Trail,Intact,2/22/2023,3/1/2023,7,30,B1,1,asw,,,,,,,,,,,,
K820230301_SF-ID_31,Feeding_Conspecific+Slime_Trail,Intact,2/22/2023,3/1/2023,7,31,C1,0,asw,,,,,,,,,,,,
